"study_id","grid_type","spec_id","d","d_pub","delta"
"creatine_PMC11944689","principled",1,0.256344431298003,0.0438705365328043,0.212473894765199
"creatine_PMC11944689","principled",2,0.0445591169729494,0.0438705365328043,0.00068858044014513
"creatine_PMC11944689","principled",3,0.0438705365328039,0.0438705365328043,-3.67761376907083e-16
"creatine_PMC11944689","principled",4,0.256344431298003,0.0438705365328043,0.212473894765199
"creatine_PMC11944689","principled",5,0.0445591169729494,0.0438705365328043,0.00068858044014513
"creatine_PMC11944689","principled",6,0.0438705365328039,0.0438705365328043,-3.67761376907083e-16
"creatine_PMC11944689","principled",7,0.256344431298003,0.0438705365328043,0.212473894765199
"creatine_PMC11944689","principled",8,0.0445591169729494,0.0438705365328043,0.00068858044014513
"creatine_PMC11944689","principled",9,0.0438705365328039,0.0438705365328043,-3.67761376907083e-16
"creatine_PMC11944689","defensible",1,0.256344431298003,0.0438705365328043,0.212473894765199
"creatine_PMC11944689","defensible",2,0.0445591169729494,0.0438705365328043,0.00068858044014513
"creatine_PMC11944689","defensible",3,0.0438705365328039,0.0438705365328043,-3.67761376907083e-16
"creatine_PMC11944689","defensible",4,0.256344431298003,0.0438705365328043,0.212473894765199
"creatine_PMC11944689","defensible",5,0.0445591169729494,0.0438705365328043,0.00068858044014513
"creatine_PMC11944689","defensible",6,0.0438705365328039,0.0438705365328043,-3.67761376907083e-16
"creatine_PMC11944689","defensible",7,0.256344431298003,0.0438705365328043,0.212473894765199
"creatine_PMC11944689","defensible",8,0.0445591169729494,0.0438705365328043,0.00068858044014513
"creatine_PMC11944689","defensible",9,0.0438705365328039,0.0438705365328043,-3.67761376907083e-16
"creatine_PMC11944689","defensible",10,0.257767330176503,0.0438705365328043,0.213896793643699
"creatine_PMC11944689","defensible",11,0.0212037616137322,0.0438705365328043,-0.0226667749190721
"creatine_PMC11944689","defensible",12,0.0225350125260899,0.0438705365328043,-0.0213355240067144
"creatine_PMC11944689","defensible",13,0.257767330176503,0.0438705365328043,0.213896793643699
"creatine_PMC11944689","defensible",14,0.0212037616137322,0.0438705365328043,-0.0226667749190721
"creatine_PMC11944689","defensible",15,0.0225350125260899,0.0438705365328043,-0.0213355240067144
"creatine_PMC11944689","defensible",16,0.279681237415134,0.0438705365328043,0.23581070088233
"creatine_PMC11944689","defensible",17,0.0431176688523638,0.0438705365328043,-0.000752867680440465
"creatine_PMC11944689","defensible",18,0.0424849333836552,0.0438705365328043,-0.00138560314914907
"creatine_PMC11944689","defensible",19,0.279681237415134,0.0438705365328043,0.23581070088233
"creatine_PMC11944689","defensible",20,0.0431176688523638,0.0438705365328043,-0.000752867680440465
"creatine_PMC11944689","defensible",21,0.0424849333836552,0.0438705365328043,-0.00138560314914907
"creatine_PMC11944689","defensible",22,0.279681237415134,0.0438705365328043,0.23581070088233
"creatine_PMC11944689","defensible",23,0.0431176688523638,0.0438705365328043,-0.000752867680440465
"creatine_PMC11944689","defensible",24,0.0424849333836552,0.0438705365328043,-0.00138560314914907
"etip_PMC6886967","principled",1,0.0447112706729914,0.191594224595096,-0.146882953922105
"etip_PMC6886967","principled",2,0.25357528341171,0.191594224595096,0.0619810588166136
"etip_PMC6886967","principled",3,0.191594224595097,0.191594224595096,6.66133814775094e-16
"etip_PMC6886967","principled",4,0.0447112706729914,0.191594224595096,-0.146882953922105
"etip_PMC6886967","principled",5,0.25357528341171,0.191594224595096,0.0619810588166136
"etip_PMC6886967","principled",6,0.191594224595097,0.191594224595096,6.66133814775094e-16
"etip_PMC6886967","principled",7,0.0447112706729914,0.191594224595096,-0.146882953922105
"etip_PMC6886967","principled",8,0.25357528341171,0.191594224595096,0.0619810588166136
"etip_PMC6886967","principled",9,0.191594224595097,0.191594224595096,6.66133814775094e-16
"etip_PMC6886967","defensible",1,0.0447112706729914,0.191594224595096,-0.146882953922105
"etip_PMC6886967","defensible",2,0.25357528341171,0.191594224595096,0.0619810588166136
"etip_PMC6886967","defensible",3,0.191594224595097,0.191594224595096,6.66133814775094e-16
"etip_PMC6886967","defensible",4,0.0447112706729914,0.191594224595096,-0.146882953922105
"etip_PMC6886967","defensible",5,0.25357528341171,0.191594224595096,0.0619810588166136
"etip_PMC6886967","defensible",6,0.191594224595097,0.191594224595096,6.66133814775094e-16
"etip_PMC6886967","defensible",7,0.0447112706729914,0.191594224595096,-0.146882953922105
"etip_PMC6886967","defensible",8,0.25357528341171,0.191594224595096,0.0619810588166136
"etip_PMC6886967","defensible",9,0.191594224595097,0.191594224595096,6.66133814775094e-16
"etip_PMC6886967","defensible",10,0.208318582150513,0.191594224595096,0.0167243575554167
"etip_PMC6886967","defensible",11,0.2011845306119,0.191594224595096,0.00959030601680366
"etip_PMC6886967","defensible",12,0.204203836145944,0.191594224595096,0.0126096115508477
"etip_PMC6886967","defensible",13,0.208318582150513,0.191594224595096,0.0167243575554167
"etip_PMC6886967","defensible",14,0.2011845306119,0.191594224595096,0.00959030601680366
"etip_PMC6886967","defensible",15,0.204203836145944,0.191594224595096,0.0126096115508477
"etip_PMC6886967","defensible",16,0.165541755357702,0.191594224595096,-0.0260524692373943
"etip_PMC6886967","defensible",17,0.174129278814608,0.191594224595096,-0.0174649457804884
"etip_PMC6886967","defensible",18,0.183430284887456,0.191594224595096,-0.00816393970764034
"etip_PMC6886967","defensible",19,0.165541755357702,0.191594224595096,-0.0260524692373943
"etip_PMC6886967","defensible",20,0.174129278814608,0.191594224595096,-0.0174649457804884
"etip_PMC6886967","defensible",21,0.183430284887456,0.191594224595096,-0.00816393970764034
"etip_PMC6886967","defensible",22,0.165541755357702,0.191594224595096,-0.0260524692373943
"etip_PMC6886967","defensible",23,0.174129278814608,0.191594224595096,-0.0174649457804884
"etip_PMC6886967","defensible",24,0.183430284887456,0.191594224595096,-0.00816393970764034
"etre_PMC11945196","principled",1,-1.24016288583254,-0.903433434176116,-0.336729451656424
"etre_PMC11945196","principled",2,-0.903433434176083,-0.903433434176116,3.33066907387547e-14
"etre_PMC11945196","principled",3,-0.873918059108339,-0.903433434176116,0.0295153750677773
"etre_PMC11945196","principled",4,-1.24016288583254,-0.903433434176116,-0.336729451656424
"etre_PMC11945196","principled",5,-0.903433434176083,-0.903433434176116,3.33066907387547e-14
"etre_PMC11945196","principled",6,-0.873918059108339,-0.903433434176116,0.0295153750677773
"etre_PMC11945196","principled",7,-1.24016288583254,-0.903433434176116,-0.336729451656424
"etre_PMC11945196","principled",8,-0.903433434176083,-0.903433434176116,3.33066907387547e-14
"etre_PMC11945196","principled",9,-0.873918059108339,-0.903433434176116,0.0295153750677773
"etre_PMC11945196","defensible",1,-1.24016288583254,-0.903433434176116,-0.336729451656424
"etre_PMC11945196","defensible",2,-0.903433434176083,-0.903433434176116,3.33066907387547e-14
"etre_PMC11945196","defensible",3,-0.873918059108339,-0.903433434176116,0.0295153750677773
"etre_PMC11945196","defensible",4,-1.24016288583254,-0.903433434176116,-0.336729451656424
"etre_PMC11945196","defensible",5,-0.903433434176083,-0.903433434176116,3.33066907387547e-14
"etre_PMC11945196","defensible",6,-0.873918059108339,-0.903433434176116,0.0295153750677773
"etre_PMC11945196","defensible",7,-1.24016288583254,-0.903433434176116,-0.336729451656424
"etre_PMC11945196","defensible",8,-0.903433434176083,-0.903433434176116,3.33066907387547e-14
"etre_PMC11945196","defensible",9,-0.873918059108339,-0.903433434176116,0.0295153750677773
"gainingmore_PMC10809978","principled",1,-0.467513371606063,-0.0627708372200306,-0.404742534386032
"gainingmore_PMC10809978","principled",2,-0.0600318786254086,-0.0627708372200306,0.00273895859462205
"gainingmore_PMC10809978","principled",3,-0.0900509472501619,-0.0627708372200306,-0.0272801100301313
"gainingmore_PMC10809978","principled",4,-0.467513371606063,-0.0627708372200306,-0.404742534386032
"gainingmore_PMC10809978","principled",5,-0.0600318786254086,-0.0627708372200306,0.00273895859462205
"gainingmore_PMC10809978","principled",6,-0.0900509472501619,-0.0627708372200306,-0.0272801100301313
"gainingmore_PMC10809978","principled",7,-0.467513371606063,-0.0627708372200306,-0.404742534386032
"gainingmore_PMC10809978","principled",8,-0.0600318786254086,-0.0627708372200306,0.00273895859462205
"gainingmore_PMC10809978","principled",9,-0.0900509472501619,-0.0627708372200306,-0.0272801100301313
"gainingmore_PMC10809978","defensible",1,-0.467513371606063,-0.0627708372200306,-0.404742534386032
"gainingmore_PMC10809978","defensible",2,-0.0600318786254086,-0.0627708372200306,0.00273895859462205
"gainingmore_PMC10809978","defensible",3,-0.0900509472501619,-0.0627708372200306,-0.0272801100301313
"gainingmore_PMC10809978","defensible",4,-0.467513371606063,-0.0627708372200306,-0.404742534386032
"gainingmore_PMC10809978","defensible",5,-0.0600318786254086,-0.0627708372200306,0.00273895859462205
"gainingmore_PMC10809978","defensible",6,-0.0900509472501619,-0.0627708372200306,-0.0272801100301313
"gainingmore_PMC10809978","defensible",7,-0.467513371606063,-0.0627708372200306,-0.404742534386032
"gainingmore_PMC10809978","defensible",8,-0.0600318786254086,-0.0627708372200306,0.00273895859462205
"gainingmore_PMC10809978","defensible",9,-0.0900509472501619,-0.0627708372200306,-0.0272801100301313
"lytras_fms_PMC12942207","principled",1,-0.785436780230237,-0.785436780230239,1.77635683940025e-15
"lytras_fms_PMC12942207","principled",2,-1.01452250779739,-0.785436780230239,-0.229085727567151
"lytras_fms_PMC12942207","principled",3,-0.883681732791487,-0.785436780230239,-0.0982449525612482
"lytras_fms_PMC12942207","principled",4,-0.785436780230237,-0.785436780230239,1.77635683940025e-15
"lytras_fms_PMC12942207","principled",5,-1.01452250779739,-0.785436780230239,-0.229085727567151
"lytras_fms_PMC12942207","principled",6,-0.883681732791487,-0.785436780230239,-0.0982449525612482
"lytras_fms_PMC12942207","principled",7,-0.785436780230237,-0.785436780230239,1.77635683940025e-15
"lytras_fms_PMC12942207","principled",8,-1.01452250779739,-0.785436780230239,-0.229085727567151
"lytras_fms_PMC12942207","principled",9,-0.883681732791487,-0.785436780230239,-0.0982449525612482
"lytras_fms_PMC12942207","defensible",1,-0.785436780230237,-0.785436780230239,1.77635683940025e-15
"lytras_fms_PMC12942207","defensible",2,-1.01452250779739,-0.785436780230239,-0.229085727567151
"lytras_fms_PMC12942207","defensible",3,-0.883681732791487,-0.785436780230239,-0.0982449525612482
"lytras_fms_PMC12942207","defensible",4,-0.785436780230237,-0.785436780230239,1.77635683940025e-15
"lytras_fms_PMC12942207","defensible",5,-1.01452250779739,-0.785436780230239,-0.229085727567151
"lytras_fms_PMC12942207","defensible",6,-0.883681732791487,-0.785436780230239,-0.0982449525612482
"lytras_fms_PMC12942207","defensible",7,-0.785436780230237,-0.785436780230239,1.77635683940025e-15
"lytras_fms_PMC12942207","defensible",8,-1.01452250779739,-0.785436780230239,-0.229085727567151
"lytras_fms_PMC12942207","defensible",9,-0.883681732791487,-0.785436780230239,-0.0982449525612482
"mallorca_PMC8198819","principled",1,-0.315217401527501,-0.316381140232701,0.00116373870520031
"mallorca_PMC8198819","principled",2,-0.315217401527501,-0.316381140232701,0.00116373870520031
"mallorca_PMC8198819","principled",3,-0.315217401527501,-0.316381140232701,0.00116373870520031
"mallorca_PMC8198819","defensible",1,-0.315217401527501,-0.316381140232701,0.00116373870520031
"mallorca_PMC8198819","defensible",2,-0.315217401527501,-0.316381140232701,0.00116373870520031
"mallorca_PMC8198819","defensible",3,-0.315217401527501,-0.316381140232701,0.00116373870520031
"mallorca_PMC8198819","defensible",4,-0.306726138440185,-0.316381140232701,0.00965500179251633
"mallorca_PMC8198819","defensible",5,-0.306726138440185,-0.316381140232701,0.00965500179251633
"physiofeedback_PMC12821712","defensible",25,0.0265305068740797,0.0526041776079761,-0.0260736707338964
"physiofeedback_PMC12821712","defensible",26,0.0744476674010598,0.0526041776079761,0.0218434897930837
"physiofeedback_PMC12821712","defensible",27,0.0633082818257429,0.0526041776079761,0.0107041042177668
"physiofeedback_PMC12821712","defensible",28,0.0364322654796745,0.0526041776079761,-0.0161719121283016
"physiofeedback_PMC12821712","defensible",29,0.0817362926427332,0.0526041776079761,0.0291321150347571
"physiofeedback_PMC12821712","defensible",30,0.0794141873343228,0.0526041776079761,0.0268100097263467
"physiofeedback_PMC12821712","defensible",32,-0.0193916989597152,0.0526041776079761,-0.0719958765676913
"physiofeedback_PMC12821712","defensible",33,0.0258585471509704,0.0526041776079761,-0.0267456304570057
"physiofeedback_PMC12821712","defensible",35,-0.0069316610851567,0.0526041776079761,-0.0595358386931328
"physiofeedback_PMC12821712","defensible",36,0.0466506417315544,0.0526041776079761,-0.00595353587642174
"physiofeedback_PMC12821712","defensible",37,0.0265305068740797,0.0526041776079761,-0.0260736707338964
"physiofeedback_PMC12821712","defensible",38,0.0744476674010598,0.0526041776079761,0.0218434897930837
"physiofeedback_PMC12821712","defensible",39,0.0633082818257429,0.0526041776079761,0.0107041042177668
"physiofeedback_PMC12821712","defensible",40,0.0364322654796745,0.0526041776079761,-0.0161719121283016
"physiofeedback_PMC12821712","defensible",41,0.0817362926427332,0.0526041776079761,0.0291321150347571
"physiofeedback_PMC12821712","defensible",42,0.0794141873343228,0.0526041776079761,0.0268100097263467
"physiofeedback_PMC12821712","defensible",43,0.0265305068740797,0.0526041776079761,-0.0260736707338964
"physiofeedback_PMC12821712","defensible",44,0.0744476674010598,0.0526041776079761,0.0218434897930837
"physiofeedback_PMC12821712","defensible",45,0.0633082818257429,0.0526041776079761,0.0107041042177668
"physiofeedback_PMC12821712","defensible",46,0.0364322654796745,0.0526041776079761,-0.0161719121283016
"physiofeedback_PMC12821712","defensible",47,0.0817362926427332,0.0526041776079761,0.0291321150347571
"physiofeedback_PMC12821712","defensible",48,0.0794141873343228,0.0526041776079761,0.0268100097263467
"spadi_PMC4880881","principled",1,-0.903718505853153,-0.913052163251587,0.00933365739843428
"spadi_PMC4880881","principled",2,-1.00123257491064,-0.913052163251587,-0.0881804116590528
"spadi_PMC4880881","principled",3,-0.974920466439817,-0.913052163251587,-0.0618683031882297
"spadi_PMC4880881","principled",4,-0.903718505853153,-0.913052163251587,0.00933365739843428
"spadi_PMC4880881","principled",5,-1.00123257491064,-0.913052163251587,-0.0881804116590528
"spadi_PMC4880881","principled",6,-0.974920466439817,-0.913052163251587,-0.0618683031882297
"spadi_PMC4880881","principled",7,-0.903718505853153,-0.913052163251587,0.00933365739843428
"spadi_PMC4880881","principled",8,-1.00123257491064,-0.913052163251587,-0.0881804116590528
"spadi_PMC4880881","principled",9,-0.974920466439817,-0.913052163251587,-0.0618683031882297
"spadi_PMC4880881","defensible",1,-0.903718505853153,-0.913052163251587,0.00933365739843428
"spadi_PMC4880881","defensible",2,-1.00123257491064,-0.913052163251587,-0.0881804116590528
"spadi_PMC4880881","defensible",3,-0.974920466439817,-0.913052163251587,-0.0618683031882297
"spadi_PMC4880881","defensible",4,-0.903718505853153,-0.913052163251587,0.00933365739843428
"spadi_PMC4880881","defensible",5,-1.00123257491064,-0.913052163251587,-0.0881804116590528
"spadi_PMC4880881","defensible",6,-0.974920466439817,-0.913052163251587,-0.0618683031882297
"spadi_PMC4880881","defensible",7,-0.903718505853153,-0.913052163251587,0.00933365739843428
"spadi_PMC4880881","defensible",8,-1.00123257491064,-0.913052163251587,-0.0881804116590528
"spadi_PMC4880881","defensible",9,-0.974920466439817,-0.913052163251587,-0.0618683031882297
"spadi_PMC4880881","defensible",10,-0.912180973672715,-0.913052163251587,0.000871189578872333
"spadi_PMC4880881","defensible",11,-0.994979219964839,-0.913052163251587,-0.0819270567132516
"spadi_PMC4880881","defensible",12,-0.972553551033023,-0.913052163251587,-0.0595013877814357
"spadi_PMC4880881","defensible",13,-0.912180973672715,-0.913052163251587,0.000871189578872333
"spadi_PMC4880881","defensible",14,-0.994979219964839,-0.913052163251587,-0.0819270567132516
"spadi_PMC4880881","defensible",15,-0.972553551033023,-0.913052163251587,-0.0595013877814357
"spadi_PMC4880881","defensible",16,-0.869381586067301,-0.913052163251587,0.0436705771842864
"spadi_PMC4880881","defensible",17,-0.952179832359425,-0.913052163251587,-0.0391276691078377
"spadi_PMC4880881","defensible",18,-0.928173255338824,-0.913052163251587,-0.0151210920872367
"spadi_PMC4880881","defensible",19,-0.869381586067301,-0.913052163251587,0.0436705771842864
"spadi_PMC4880881","defensible",20,-0.952179832359425,-0.913052163251587,-0.0391276691078377
"spadi_PMC4880881","defensible",21,-0.928173255338824,-0.913052163251587,-0.0151210920872367
"spadi_PMC4880881","defensible",22,-0.869381586067301,-0.913052163251587,0.0436705771842864
"spadi_PMC4880881","defensible",23,-0.952179832359425,-0.913052163251587,-0.0391276691078377
"spadi_PMC4880881","defensible",24,-0.928173255338824,-0.913052163251587,-0.0151210920872367
"tdcs_PMC13257960","principled",1,1.4053959832827,1.4053959832827,4.66293670342566e-15
"tdcs_PMC13257960","principled",2,1.46233959124515,1.4053959832827,0.0569436079624546
"tdcs_PMC13257960","principled",3,1.42370139220887,1.4053959832827,0.0183054089261745
"tdcs_PMC13257960","principled",4,1.4053959832827,1.4053959832827,4.66293670342566e-15
"tdcs_PMC13257960","principled",5,1.46233959124515,1.4053959832827,0.0569436079624546
"tdcs_PMC13257960","principled",6,1.42370139220887,1.4053959832827,0.0183054089261745
"tdcs_PMC13257960","principled",7,1.4053959832827,1.4053959832827,4.66293670342566e-15
"tdcs_PMC13257960","principled",8,1.46233959124515,1.4053959832827,0.0569436079624546
"tdcs_PMC13257960","principled",9,1.42370139220887,1.4053959832827,0.0183054089261745
"tdcs_PMC13257960","defensible",1,1.4053959832827,1.4053959832827,4.66293670342566e-15
"tdcs_PMC13257960","defensible",2,1.46233959124515,1.4053959832827,0.0569436079624546
"tdcs_PMC13257960","defensible",3,1.42370139220887,1.4053959832827,0.0183054089261745
"tdcs_PMC13257960","defensible",4,1.4053959832827,1.4053959832827,4.66293670342566e-15
"tdcs_PMC13257960","defensible",5,1.46233959124515,1.4053959832827,0.0569436079624546
"tdcs_PMC13257960","defensible",6,1.42370139220887,1.4053959832827,0.0183054089261745
"tdcs_PMC13257960","defensible",7,1.4053959832827,1.4053959832827,4.66293670342566e-15
"tdcs_PMC13257960","defensible",8,1.46233959124515,1.4053959832827,0.0569436079624546
"tdcs_PMC13257960","defensible",9,1.42370139220887,1.4053959832827,0.0183054089261745
"tereco_PMC8318721","principled",1,0.913408764885518,0.83798480470353,0.0754239601819883
"tereco_PMC8318721","principled",2,0.80807037471478,0.83798480470353,-0.0299144299887497
"tereco_PMC8318721","principled",3,0.851499539487428,0.83798480470353,0.0135147347838982
"tereco_PMC8318721","principled",4,0.90118751433488,0.83798480470353,0.0632027096313502
"tereco_PMC8318721","principled",5,0.792868834607522,0.83798480470353,-0.0451159700960078
"tereco_PMC8318721","principled",6,0.834095844459903,0.83798480470353,-0.00388896024362673
"tereco_PMC8318721","principled",7,0.913408764885518,0.83798480470353,0.0754239601819883
"tereco_PMC8318721","principled",8,0.80807037471478,0.83798480470353,-0.0299144299887497
"tereco_PMC8318721","principled",9,0.851499539487428,0.83798480470353,0.0135147347838982
"tereco_PMC8318721","principled",10,0.90118751433488,0.83798480470353,0.0632027096313502
"tereco_PMC8318721","principled",11,0.792868834607522,0.83798480470353,-0.0451159700960078
"tereco_PMC8318721","principled",12,0.834095844459903,0.83798480470353,-0.00388896024362673
"tereco_PMC8318721","principled",13,0.913408764885518,0.83798480470353,0.0754239601819883
"tereco_PMC8318721","principled",14,0.80807037471478,0.83798480470353,-0.0299144299887497
"tereco_PMC8318721","principled",15,0.851499539487428,0.83798480470353,0.0135147347838982
"tereco_PMC8318721","principled",16,0.90118751433488,0.83798480470353,0.0632027096313502
"tereco_PMC8318721","principled",17,0.792868834607522,0.83798480470353,-0.0451159700960078
"tereco_PMC8318721","principled",18,0.834095844459903,0.83798480470353,-0.00388896024362673
"tereco_PMC8318721","defensible",1,0.913408764885518,0.83798480470353,0.0754239601819883
"tereco_PMC8318721","defensible",2,0.80807037471478,0.83798480470353,-0.0299144299887497
"tereco_PMC8318721","defensible",3,0.851499539487428,0.83798480470353,0.0135147347838982
"tereco_PMC8318721","defensible",4,0.90118751433488,0.83798480470353,0.0632027096313502
"tereco_PMC8318721","defensible",5,0.792868834607522,0.83798480470353,-0.0451159700960078
"tereco_PMC8318721","defensible",6,0.834095844459903,0.83798480470353,-0.00388896024362673
"tereco_PMC8318721","defensible",7,0.913408764885518,0.83798480470353,0.0754239601819883
"tereco_PMC8318721","defensible",8,0.80807037471478,0.83798480470353,-0.0299144299887497
"tereco_PMC8318721","defensible",9,0.851499539487428,0.83798480470353,0.0135147347838982
"tereco_PMC8318721","defensible",10,0.90118751433488,0.83798480470353,0.0632027096313502
"tereco_PMC8318721","defensible",11,0.792868834607522,0.83798480470353,-0.0451159700960078
"tereco_PMC8318721","defensible",12,0.834095844459903,0.83798480470353,-0.00388896024362673
"tereco_PMC8318721","defensible",13,0.913408764885518,0.83798480470353,0.0754239601819883
"tereco_PMC8318721","defensible",14,0.80807037471478,0.83798480470353,-0.0299144299887497
"tereco_PMC8318721","defensible",15,0.851499539487428,0.83798480470353,0.0135147347838982
"tereco_PMC8318721","defensible",16,0.90118751433488,0.83798480470353,0.0632027096313502
"tereco_PMC8318721","defensible",17,0.792868834607522,0.83798480470353,-0.0451159700960078
"tereco_PMC8318721","defensible",18,0.834095844459903,0.83798480470353,-0.00388896024362673
"tereco_PMC8318721","defensible",19,0.911829536240712,0.83798480470353,0.0738447315371822
"tereco_PMC8318721","defensible",20,0.725632886612325,0.83798480470353,-0.112351918091205
"tereco_PMC8318721","defensible",21,0.807484634554042,0.83798480470353,-0.0305001701494878
"tereco_PMC8318721","defensible",22,0.917165122317403,0.83798480470353,0.0791803176138732
"tereco_PMC8318721","defensible",23,0.732500710566362,0.83798480470353,-0.105484094137168
"tereco_PMC8318721","defensible",24,0.807143049476282,0.83798480470353,-0.0308417552272477
"tereco_PMC8318721","defensible",25,0.911829536240712,0.83798480470353,0.0738447315371822
"tereco_PMC8318721","defensible",26,0.725632886612325,0.83798480470353,-0.112351918091205
"tereco_PMC8318721","defensible",27,0.807484634554042,0.83798480470353,-0.0305001701494878
"tereco_PMC8318721","defensible",28,0.917165122317403,0.83798480470353,0.0791803176138732
"tereco_PMC8318721","defensible",29,0.732500710566362,0.83798480470353,-0.105484094137168
"tereco_PMC8318721","defensible",30,0.807143049476282,0.83798480470353,-0.0308417552272477
"tereco_PMC8318721","defensible",31,0.872429784802694,0.83798480470353,0.0344449800991642
"tereco_PMC8318721","defensible",32,0.686233135174307,0.83798480470353,-0.151751669529223
"tereco_PMC8318721","defensible",33,0.761308493131907,0.83798480470353,-0.0766763115716228
"tereco_PMC8318721","defensible",34,0.87761449658553,0.83798480470353,0.0396296918820003
"tereco_PMC8318721","defensible",35,0.692950084834489,0.83798480470353,-0.145034719869041
"tereco_PMC8318721","defensible",36,0.760972152964372,0.83798480470353,-0.0770126517391577
"tereco_PMC8318721","defensible",37,0.872429784802694,0.83798480470353,0.0344449800991642
"tereco_PMC8318721","defensible",38,0.686233135174307,0.83798480470353,-0.151751669529223
"tereco_PMC8318721","defensible",39,0.761308493131907,0.83798480470353,-0.0766763115716228
"tereco_PMC8318721","defensible",40,0.87761449658553,0.83798480470353,0.0396296918820003
"tereco_PMC8318721","defensible",41,0.692950084834489,0.83798480470353,-0.145034719869041
"tereco_PMC8318721","defensible",42,0.760972152964372,0.83798480470353,-0.0770126517391577
"tereco_PMC8318721","defensible",43,0.872429784802694,0.83798480470353,0.0344449800991642
"tereco_PMC8318721","defensible",44,0.686233135174307,0.83798480470353,-0.151751669529223
"tereco_PMC8318721","defensible",45,0.761308493131907,0.83798480470353,-0.0766763115716228
"tereco_PMC8318721","defensible",46,0.87761449658553,0.83798480470353,0.0396296918820003
"tereco_PMC8318721","defensible",47,0.692950084834489,0.83798480470353,-0.145034719869041
"tereco_PMC8318721","defensible",48,0.760972152964372,0.83798480470353,-0.0770126517391577
"tscs_PMC13085461","principled",1,1.36142636043042,0.975109014672083,0.386317345758337
"tscs_PMC13085461","principled",2,1.0301552645146,0.975109014672083,0.0550462498425166
"tscs_PMC13085461","principled",3,0.975109014672084,0.975109014672083,6.66133814775094e-16
"tscs_PMC13085461","principled",4,1.36142636043042,0.975109014672083,0.386317345758337
"tscs_PMC13085461","principled",5,1.0301552645146,0.975109014672083,0.0550462498425166
"tscs_PMC13085461","principled",6,0.975109014672084,0.975109014672083,6.66133814775094e-16
"tscs_PMC13085461","principled",7,1.36142636043042,0.975109014672083,0.386317345758337
"tscs_PMC13085461","principled",8,1.0301552645146,0.975109014672083,0.0550462498425166
"tscs_PMC13085461","principled",9,0.975109014672084,0.975109014672083,6.66133814775094e-16
"tscs_PMC13085461","defensible",1,1.36142636043042,0.975109014672083,0.386317345758337
"tscs_PMC13085461","defensible",2,1.0301552645146,0.975109014672083,0.0550462498425166
"tscs_PMC13085461","defensible",3,0.975109014672084,0.975109014672083,6.66133814775094e-16
"tscs_PMC13085461","defensible",4,1.36142636043042,0.975109014672083,0.386317345758337
"tscs_PMC13085461","defensible",5,1.0301552645146,0.975109014672083,0.0550462498425166
"tscs_PMC13085461","defensible",6,0.975109014672084,0.975109014672083,6.66133814775094e-16
"tscs_PMC13085461","defensible",7,1.36142636043042,0.975109014672083,0.386317345758337
"tscs_PMC13085461","defensible",8,1.0301552645146,0.975109014672083,0.0550462498425166
"tscs_PMC13085461","defensible",9,0.975109014672084,0.975109014672083,6.66133814775094e-16
"free_PMC6733445","principled",1,0.095181871330815,0.139107858844089,-0.0439259875132743
"free_PMC6733445","principled",2,0.0721587775095768,0.139107858844089,-0.0669490813345125
"free_PMC6733445","principled",3,0.0910923357729172,0.139107858844089,-0.0480155230711721
"free_PMC6733445","principled",4,0.0928468117374411,0.139107858844089,-0.0462610471066482
"free_PMC6733445","principled",5,0.0972313419479354,0.139107858844089,-0.0418765168961539
"free_PMC6733445","principled",6,0.0936324607952206,0.139107858844089,-0.0454753980488687
"free_PMC6733445","principled",7,0.0785522757644721,0.139107858844089,-0.0605555830796172
"free_PMC6733445","principled",8,0.0597181774541574,0.139107858844089,-0.0793896813899319
"free_PMC6733445","principled",9,0.0752668490613692,0.139107858844089,-0.0638410097827201
"free_PMC6733445","principled",10,0.113088720350771,0.139107858844089,-0.0260191384933183
"free_PMC6733445","principled",11,0.0660422623486082,0.139107858844089,-0.0730655964954811
"free_PMC6733445","principled",12,0.0991375307895926,0.139107858844089,-0.0399703280544967
"free_PMC6733445","principled",13,0.116928004593053,0.139107858844089,-0.0221798542510363
"free_PMC6733445","principled",15,0.104725269299096,0.139107858844089,-0.0343825895449933
"free_PMC6733445","principled",16,0.101509335130271,0.139107858844089,-0.0375985237138183
"free_PMC6733445","principled",17,0.0562302659484063,0.139107858844089,-0.082877592895683
"free_PMC6733445","principled",18,0.0878730371376668,0.139107858844089,-0.0512348217064225
"free_PMC6733445","principled",19,0.095181871330815,0.139107858844089,-0.0439259875132743
"free_PMC6733445","principled",20,0.0721587775095768,0.139107858844089,-0.0669490813345125
"free_PMC6733445","principled",21,0.0910923357729172,0.139107858844089,-0.0480155230711721
"free_PMC6733445","principled",22,0.0928468117374411,0.139107858844089,-0.0462610471066482
"free_PMC6733445","principled",23,0.0972313419479354,0.139107858844089,-0.0418765168961539
"free_PMC6733445","principled",24,0.0936324607952206,0.139107858844089,-0.0454753980488687
"free_PMC6733445","principled",25,0.0785522757644721,0.139107858844089,-0.0605555830796172
"free_PMC6733445","principled",26,0.0597181774541574,0.139107858844089,-0.0793896813899319
"free_PMC6733445","principled",27,0.0752668490613692,0.139107858844089,-0.0638410097827201
"free_PMC6733445","principled",28,0.095181871330815,0.139107858844089,-0.0439259875132743
"free_PMC6733445","principled",29,0.0721587775095768,0.139107858844089,-0.0669490813345125
"free_PMC6733445","principled",30,0.0910923357729172,0.139107858844089,-0.0480155230711721
"free_PMC6733445","principled",31,0.0928468117374411,0.139107858844089,-0.0462610471066482
"free_PMC6733445","principled",32,0.0972313419479354,0.139107858844089,-0.0418765168961539
"free_PMC6733445","principled",33,0.0936324607952206,0.139107858844089,-0.0454753980488687
"free_PMC6733445","principled",34,0.0785522757644721,0.139107858844089,-0.0605555830796172
"free_PMC6733445","principled",35,0.0597181774541574,0.139107858844089,-0.0793896813899319
"free_PMC6733445","principled",36,0.0752668490613692,0.139107858844089,-0.0638410097827201
"free_PMC6733445","defensible",1,0.095181871330815,0.139107858844089,-0.0439259875132743
"free_PMC6733445","defensible",2,0.0721587775095768,0.139107858844089,-0.0669490813345125
"free_PMC6733445","defensible",3,0.0910923357729172,0.139107858844089,-0.0480155230711721
"free_PMC6733445","defensible",4,0.0928468117374411,0.139107858844089,-0.0462610471066482
"free_PMC6733445","defensible",5,0.0972313419479354,0.139107858844089,-0.0418765168961539
"free_PMC6733445","defensible",6,0.0936324607952206,0.139107858844089,-0.0454753980488687
"free_PMC6733445","defensible",7,0.0785522757644721,0.139107858844089,-0.0605555830796172
"free_PMC6733445","defensible",8,0.0597181774541574,0.139107858844089,-0.0793896813899319
"free_PMC6733445","defensible",9,0.0752668490613692,0.139107858844089,-0.0638410097827201
"free_PMC6733445","defensible",10,0.113088720350771,0.139107858844089,-0.0260191384933183
"free_PMC6733445","defensible",11,0.0660422623486082,0.139107858844089,-0.0730655964954811
"free_PMC6733445","defensible",12,0.0991375307895926,0.139107858844089,-0.0399703280544967
"free_PMC6733445","defensible",13,0.116928004593053,0.139107858844089,-0.0221798542510363
"free_PMC6733445","defensible",15,0.104725269299096,0.139107858844089,-0.0343825895449933
"free_PMC6733445","defensible",16,0.101509335130271,0.139107858844089,-0.0375985237138183
"free_PMC6733445","defensible",17,0.0562302659484063,0.139107858844089,-0.082877592895683
"free_PMC6733445","defensible",18,0.0878730371376668,0.139107858844089,-0.0512348217064225
"free_PMC6733445","defensible",19,0.095181871330815,0.139107858844089,-0.0439259875132743
"free_PMC6733445","defensible",20,0.0721587775095768,0.139107858844089,-0.0669490813345125
"free_PMC6733445","defensible",21,0.0910923357729172,0.139107858844089,-0.0480155230711721
"free_PMC6733445","defensible",22,0.0928468117374411,0.139107858844089,-0.0462610471066482
"free_PMC6733445","defensible",23,0.0972313419479354,0.139107858844089,-0.0418765168961539
"free_PMC6733445","defensible",24,0.0936324607952206,0.139107858844089,-0.0454753980488687
"free_PMC6733445","defensible",25,0.0785522757644721,0.139107858844089,-0.0605555830796172
"free_PMC6733445","defensible",26,0.0597181774541574,0.139107858844089,-0.0793896813899319
"free_PMC6733445","defensible",27,0.0752668490613692,0.139107858844089,-0.0638410097827201
"free_PMC6733445","defensible",28,0.095181871330815,0.139107858844089,-0.0439259875132743
"free_PMC6733445","defensible",29,0.0721587775095768,0.139107858844089,-0.0669490813345125
"free_PMC6733445","defensible",30,0.0910923357729172,0.139107858844089,-0.0480155230711721
"free_PMC6733445","defensible",31,0.0928468117374411,0.139107858844089,-0.0462610471066482
"free_PMC6733445","defensible",32,0.0972313419479354,0.139107858844089,-0.0418765168961539
"free_PMC6733445","defensible",33,0.0936324607952206,0.139107858844089,-0.0454753980488687
"free_PMC6733445","defensible",34,0.0785522757644721,0.139107858844089,-0.0605555830796172
"free_PMC6733445","defensible",35,0.0597181774541574,0.139107858844089,-0.0793896813899319
"free_PMC6733445","defensible",36,0.0752668490613692,0.139107858844089,-0.0638410097827201
"free_PMC6733445","defensible",37,0.072957765927294,0.139107858844089,-0.0661500929167953
"free_PMC6733445","defensible",38,0.103359213149338,0.139107858844089,-0.0357486456947513
"free_PMC6733445","defensible",39,0.0784057831686304,0.139107858844089,-0.0607020756754589
"free_PMC6733445","defensible",40,0.0715159079597231,0.139107858844089,-0.0675919508843662
"free_PMC6733445","defensible",41,0.125357338000209,0.139107858844089,-0.0137505208438803
"free_PMC6733445","defensible",42,0.0812656309165854,0.139107858844089,-0.0578422279275039
"free_PMC6733445","defensible",43,0.0628798690921982,0.139107858844089,-0.0762279897518911
"free_PMC6733445","defensible",44,0.0946475253003931,0.139107858844089,-0.0444603335436962
"free_PMC6733445","defensible",45,0.0685210660285576,0.139107858844089,-0.0705867928155317
"free_PMC6733445","defensible",46,0.0810066731090696,0.139107858844089,-0.0581011857350197
"free_PMC6733445","defensible",47,0.101393144435219,0.139107858844089,-0.0377147144088703
"free_PMC6733445","defensible",48,0.082663341057328,0.139107858844089,-0.0564445177867613
"free_PMC6733445","defensible",49,0.0826534120266934,0.139107858844089,-0.0564544468173959
"free_PMC6733445","defensible",51,0.0871231212024214,0.139107858844089,-0.0519847376416679
"free_PMC6733445","defensible",52,0.0720936742854332,0.139107858844089,-0.0670141845586561
"free_PMC6733445","defensible",53,0.0939202812598586,0.139107858844089,-0.0451875775842307
"free_PMC6733445","defensible",54,0.0749406178978387,0.139107858844089,-0.0641672409462506
"free_PMC6733445","defensible",55,0.072957765927294,0.139107858844089,-0.0661500929167953
"free_PMC6733445","defensible",56,0.103359213149338,0.139107858844089,-0.0357486456947513
"free_PMC6733445","defensible",57,0.0784057831686304,0.139107858844089,-0.0607020756754589
"free_PMC6733445","defensible",58,0.0715159079597231,0.139107858844089,-0.0675919508843662
"free_PMC6733445","defensible",59,0.125357338000209,0.139107858844089,-0.0137505208438803
"free_PMC6733445","defensible",60,0.0812656309165854,0.139107858844089,-0.0578422279275039
"free_PMC6733445","defensible",61,0.0628798690921982,0.139107858844089,-0.0762279897518911
"free_PMC6733445","defensible",62,0.0946475253003931,0.139107858844089,-0.0444603335436962
"free_PMC6733445","defensible",63,0.0685210660285576,0.139107858844089,-0.0705867928155317
"free_PMC6733445","defensible",64,0.094134143213187,0.139107858844089,-0.0449737156309023
"free_PMC6733445","defensible",65,0.124535590435231,0.139107858844089,-0.0145722684088583
"free_PMC6733445","defensible",66,0.10061998817975,0.139107858844089,-0.0384878706643393
"free_PMC6733445","defensible",67,0.0835672986434484,0.139107858844089,-0.0555405602006409
"free_PMC6733445","defensible",68,0.137408728683934,0.139107858844089,-0.0016991301601553
"free_PMC6733445","defensible",69,0.0948496356573448,0.139107858844089,-0.0442582231867445
"free_PMC6733445","defensible",70,0.0885100401541204,0.139107858844089,-0.0505978186899689
"free_PMC6733445","defensible",71,0.120277696362315,0.139107858844089,-0.0188301624817743
"free_PMC6733445","defensible",72,0.0957953316834115,0.139107858844089,-0.0433125271606778
"free_PMC6733445","defensible",73,-0.0302479482152056,0.139107858844089,-0.169355807059295
"free_PMC6733445","defensible",74,0.122032849579241,0.139107858844089,-0.0170750092648483
"free_PMC6733445","defensible",75,-0.0146783193678974,0.139107858844089,-0.153786178211987
"free_PMC6733445","defensible",76,-0.0604783554858417,0.139107858844089,-0.199586214329931
"free_PMC6733445","defensible",78,-0.0502691914894437,0.139107858844089,-0.189377050333533
"free_PMC6733445","defensible",79,-0.00935021314245901,0.139107858844089,-0.148458071986548
"free_PMC6733445","defensible",80,0.111032060585154,0.139107858844089,-0.0280757982589353
"free_PMC6733445","defensible",81,0.0127951879736738,0.139107858844089,-0.126312670870416
"free_PMC6733445","defensible",82,0.094134143213187,0.139107858844089,-0.0449737156309023
"free_PMC6733445","defensible",83,0.124535590435231,0.139107858844089,-0.0145722684088583
"free_PMC6733445","defensible",84,0.10061998817975,0.139107858844089,-0.0384878706643393
"free_PMC6733445","defensible",85,0.0835672986434484,0.139107858844089,-0.0555405602006409
"free_PMC6733445","defensible",86,0.137408728683934,0.139107858844089,-0.0016991301601553
"free_PMC6733445","defensible",87,0.0948496356573448,0.139107858844089,-0.0442582231867445
"free_PMC6733445","defensible",88,0.0885100401541204,0.139107858844089,-0.0505978186899689
"free_PMC6733445","defensible",89,0.120277696362315,0.139107858844089,-0.0188301624817743
"free_PMC6733445","defensible",90,0.0957953316834115,0.139107858844089,-0.0433125271606778
"free_PMC6733445","defensible",91,0.094134143213187,0.139107858844089,-0.0449737156309023
"free_PMC6733445","defensible",92,0.124535590435231,0.139107858844089,-0.0145722684088583
"free_PMC6733445","defensible",93,0.10061998817975,0.139107858844089,-0.0384878706643393
"free_PMC6733445","defensible",94,0.0835672986434484,0.139107858844089,-0.0555405602006409
"free_PMC6733445","defensible",95,0.137408728683934,0.139107858844089,-0.0016991301601553
"free_PMC6733445","defensible",96,0.0948496356573448,0.139107858844089,-0.0442582231867445
"free_PMC6733445","defensible",97,0.0885100401541204,0.139107858844089,-0.0505978186899689
"free_PMC6733445","defensible",98,0.120277696362315,0.139107858844089,-0.0188301624817743
"free_PMC6733445","defensible",99,0.0957953316834115,0.139107858844089,-0.0433125271606778
