"node","share","study_id","grid_type"
"covars",52.5895286105,"physiofeedback_PMC12821712","principled"
"outlier",47.4083198857907,"physiofeedback_PMC12821712","principled"
"model",0.0021515037093229,"physiofeedback_PMC12821712","principled"
"inference",0,"physiofeedback_PMC12821712","principled"
"baseline",86.1159475832786,"mulligan_PMC13092435","principled"
"covars",13.8840524167214,"mulligan_PMC13092435","principled"
"outlier",0,"mulligan_PMC13092435","principled"
"inference",0,"mulligan_PMC13092435","principled"
"baseline",98.2047682467445,"lytras_fms_PMC12942207","principled"
"covars",1.79523175325545,"lytras_fms_PMC12942207","principled"
"outlier",0,"lytras_fms_PMC12942207","principled"
"inference",0,"lytras_fms_PMC12942207","principled"
"baseline",2.41684706806235,"lymfit_PMC11171874","principled"
"covars",97.5831529319376,"lymfit_PMC11171874","principled"
"outlier",0,"lymfit_PMC11171874","principled"
"inference",0,"lymfit_PMC11171874","principled"
"covars",100,"clusterset_PMC13140343","principled"
"outlier",5.94295590238302e-29,"clusterset_PMC13140343","principled"
"inference",3.96197060158868e-29,"clusterset_PMC13140343","principled"
"baseline",99.2577330817603,"tereco_PMC8318721","principled"
"covars",0,"tereco_PMC8318721","principled"
"outlier",0.742266918239681,"tereco_PMC8318721","principled"
"inference",0,"tereco_PMC8318721","principled"
"baseline",99.9514529740555,"spadi_PMC4880881","principled"
"covars",0,"spadi_PMC4880881","principled"
"outlier",0.0485470259445038,"spadi_PMC4880881","principled"
"inference",0,"spadi_PMC4880881","principled"
"baseline",98.528143513347,"tscs_PMC13085461","principled"
"covars",1.47185648665298,"tscs_PMC13085461","principled"
"outlier",0,"tscs_PMC13085461","principled"
"inference",0,"tscs_PMC13085461","principled"
"baseline",93.4844498094164,"tdcs_PMC13257960","principled"
"covars",0.193346909591725,"tdcs_PMC13257960","principled"
"outlier",6.32220328099187,"tdcs_PMC13257960","principled"
"inference",0,"tdcs_PMC13257960","principled"
"covars",99.2138700942864,"etip_PMC6886967","principled"
"outlier",0.786129905713596,"etip_PMC6886967","principled"
"inference",0,"etip_PMC6886967","principled"
"baseline",100,"phosphatidic_PMC4891923","principled"
"covars",3.34459772021517e-30,"phosphatidic_PMC4891923","principled"
"outlier",1.00337931606454e-29,"phosphatidic_PMC4891923","principled"
"inference",6.68919544043028e-30,"phosphatidic_PMC4891923","principled"
"baseline",73.1431988510328,"facial_PMC11164989","principled"
"covars",26.8568011489672,"facial_PMC11164989","principled"
"outlier",0,"facial_PMC11164989","principled"
"inference",0,"facial_PMC11164989","principled"
"baseline",92.0782491322769,"gainingmore_PMC10809978","principled"
"covars",7.92175086772308,"gainingmore_PMC10809978","principled"
"outlier",0,"gainingmore_PMC10809978","principled"
"inference",0,"gainingmore_PMC10809978","principled"
"outlier",60,"etre_PMC11945196","principled"
"inference",40,"etre_PMC11945196","principled"
"baseline",97.0127035516237,"aquatic_PMC12111718","principled"
"covars",2.98729644837631,"aquatic_PMC12111718","principled"
"outlier",0,"aquatic_PMC12111718","principled"
"inference",0,"aquatic_PMC12111718","principled"
"baseline",100,"lengthpartial_PMC11829627","principled"
"covars",1.56202953656007e-29,"lengthpartial_PMC11829627","principled"
"outlier",4.68608860968015e-29,"lengthpartial_PMC11829627","principled"
"inference",3.1240590731201e-29,"lengthpartial_PMC11829627","principled"
"baseline",90.5179404301337,"creatine_PMC11944689","principled"
"covars",9.48205956986632,"creatine_PMC11944689","principled"
"outlier",0,"creatine_PMC11944689","principled"
"inference",0,"creatine_PMC11944689","principled"
"baseline",41.8245835138904,"free_PMC6733445","principled"
"covars",0,"free_PMC6733445","principled"
"outlier",55.7042092099925,"free_PMC6733445","principled"
"model",2.47120727611708,"free_PMC6733445","principled"
"inference",0,"free_PMC6733445","principled"
"outlier",60,"odinet_PMC8830646","principled"
"inference",40,"odinet_PMC8830646","principled"
"baseline",99.1450363413082,"pregnancy12w_PMC4573757","principled"
"covars",0.00208106564866382,"pregnancy12w_PMC4573757","principled"
"outlier",0.852882593043156,"pregnancy12w_PMC4573757","principled"
"inference",0,"pregnancy12w_PMC4573757","principled"
"baseline",92.4758500519944,"mallorca_PMC8198819","principled"
"covars",0,"mallorca_PMC8198819","principled"
"outlier",7.5241499480056,"mallorca_PMC8198819","principled"
"inference",0,"mallorca_PMC8198819","principled"
"covars",10.7564741587242,"physiofeedback_PMC12821712","defensible"
"outlier",3.94919017936343,"physiofeedback_PMC12821712","defensible"
"model",0.0001941379142228,"physiofeedback_PMC12821712","defensible"
"inference",0,"physiofeedback_PMC12821712","defensible"
"population",0,"physiofeedback_PMC12821712","defensible"
"transform",84.1822145745244,"physiofeedback_PMC12821712","defensible"
"outlier_scope",1.11192694947375,"physiofeedback_PMC12821712","defensible"
"df_method",0,"physiofeedback_PMC12821712","defensible"
"baseline",86.1159475832788,"mulligan_PMC13092435","defensible"
"covars",13.8840524167212,"mulligan_PMC13092435","defensible"
"outlier",0,"mulligan_PMC13092435","defensible"
"inference",0,"mulligan_PMC13092435","defensible"
"population",0,"mulligan_PMC13092435","defensible"
"outlier_scope",0,"mulligan_PMC13092435","defensible"
"baseline",98.2047682467445,"lytras_fms_PMC12942207","defensible"
"covars",1.79523175325547,"lytras_fms_PMC12942207","defensible"
"outlier",0,"lytras_fms_PMC12942207","defensible"
"inference",0,"lytras_fms_PMC12942207","defensible"
"population",0,"lytras_fms_PMC12942207","defensible"
"outlier_scope",0,"lytras_fms_PMC12942207","defensible"
"baseline",13.6408889838621,"lymfit_PMC11171874","defensible"
"covars",5.1775473617859,"lymfit_PMC11171874","defensible"
"outlier",4.59743647584253,"lymfit_PMC11171874","defensible"
"inference",0,"lymfit_PMC11171874","defensible"
"population",0,"lymfit_PMC11171874","defensible"
"transform",67.4869482911289,"lymfit_PMC11171874","defensible"
"outlier_scope",9.09717888738054,"lymfit_PMC11171874","defensible"
"covars",97.5968950039027,"clusterset_PMC13140343","defensible"
"outlier",0,"clusterset_PMC13140343","defensible"
"inference",0,"clusterset_PMC13140343","defensible"
"population",0,"clusterset_PMC13140343","defensible"
"transform",2.40310499609725,"clusterset_PMC13140343","defensible"
"outlier_scope",0,"clusterset_PMC13140343","defensible"
"baseline",88.6900386977511,"tereco_PMC8318721","defensible"
"covars",0,"tereco_PMC8318721","defensible"
"outlier",0.549578097213532,"tereco_PMC8318721","defensible"
"inference",0,"tereco_PMC8318721","defensible"
"population",1.26461208373602,"tereco_PMC8318721","defensible"
"transform",9.41624556169351,"tereco_PMC8318721","defensible"
"outlier_scope",0.0795255596058744,"tereco_PMC8318721","defensible"
"baseline",96.4440853588373,"spadi_PMC4880881","defensible"
"covars",0,"spadi_PMC4880881","defensible"
"outlier",0.856898930890714,"spadi_PMC4880881","defensible"
"inference",0,"spadi_PMC4880881","defensible"
"population",0.686624348189734,"spadi_PMC4880881","defensible"
"outlier_scope",2.01239136208222,"spadi_PMC4880881","defensible"
"baseline",87.3854060624532,"tscs_PMC13085461","defensible"
"covars",2.32626507040306,"tscs_PMC13085461","defensible"
"outlier",0.612462753614775,"tscs_PMC13085461","defensible"
"inference",0,"tscs_PMC13085461","defensible"
"population",0,"tscs_PMC13085461","defensible"
"transform",9.36963473672152,"tscs_PMC13085461","defensible"
"outlier_scope",0.306231376807387,"tscs_PMC13085461","defensible"
"baseline",89.2711520925044,"tdcs_PMC13257960","defensible"
"covars",0.116942060457518,"tdcs_PMC13257960","defensible"
"outlier",5.10055835440984,"tdcs_PMC13257960","defensible"
"inference",0,"tdcs_PMC13257960","defensible"
"population",0,"tdcs_PMC13257960","defensible"
"transform",0.766920593140135,"tdcs_PMC13257960","defensible"
"outlier_scope",4.7444268994881,"tdcs_PMC13257960","defensible"
"covars",82.3068322784145,"etip_PMC6886967","defensible"
"outlier",10.9921480459525,"etip_PMC6886967","defensible"
"inference",0,"etip_PMC6886967","defensible"
"population",0,"etip_PMC6886967","defensible"
"outlier_scope",6.70101967563301,"etip_PMC6886967","defensible"
"baseline",99.9368343672985,"phosphatidic_PMC4891923","defensible"
"covars",0,"phosphatidic_PMC4891923","defensible"
"outlier",0.0135503890820407,"phosphatidic_PMC4891923","defensible"
"inference",0,"phosphatidic_PMC4891923","defensible"
"population",0,"phosphatidic_PMC4891923","defensible"
"transform",0.0428400490784645,"phosphatidic_PMC4891923","defensible"
"outlier_scope",0.00677519454102033,"phosphatidic_PMC4891923","defensible"
"baseline",61.4642838282624,"facial_PMC11164989","defensible"
"covars",12.4796420987274,"facial_PMC11164989","defensible"
"outlier",0,"facial_PMC11164989","defensible"
"inference",0,"facial_PMC11164989","defensible"
"population",0,"facial_PMC11164989","defensible"
"transform",26.0560740730102,"facial_PMC11164989","defensible"
"outlier_scope",0,"facial_PMC11164989","defensible"
"baseline",93.5023467274494,"gainingmore_PMC10809978","defensible"
"covars",6.11765943585248,"gainingmore_PMC10809978","defensible"
"outlier",0,"gainingmore_PMC10809978","defensible"
"inference",0,"gainingmore_PMC10809978","defensible"
"population",0,"gainingmore_PMC10809978","defensible"
"transform",0.379993836698069,"gainingmore_PMC10809978","defensible"
"outlier_scope",0,"gainingmore_PMC10809978","defensible"
"outlier",2.68197413470649e-26,"etre_PMC11945196","defensible"
"inference",8.5535832560125e-27,"etre_PMC11945196","defensible"
"population",4.47901592128736e-27,"etre_PMC11945196","defensible"
"transform",100,"etre_PMC11945196","defensible"
"outlier_scope",8.22977788591482e-31,"etre_PMC11945196","defensible"
"baseline",97.1284799602664,"aquatic_PMC12111718","defensible"
"covars",2.84912929706375,"aquatic_PMC12111718","defensible"
"outlier",0,"aquatic_PMC12111718","defensible"
"inference",0,"aquatic_PMC12111718","defensible"
"population",0,"aquatic_PMC12111718","defensible"
"transform",0.0223907426698772,"aquatic_PMC12111718","defensible"
"outlier_scope",0,"aquatic_PMC12111718","defensible"
"baseline",23.7020238430045,"lengthpartial_PMC11829627","defensible"
"covars",0,"lengthpartial_PMC11829627","defensible"
"outlier",0,"lengthpartial_PMC11829627","defensible"
"inference",0,"lengthpartial_PMC11829627","defensible"
"population",0,"lengthpartial_PMC11829627","defensible"
"transform",76.2979761569955,"lengthpartial_PMC11829627","defensible"
"outlier_scope",0,"lengthpartial_PMC11829627","defensible"
"baseline",83.0853716032655,"creatine_PMC11944689","defensible"
"covars",7.74582396089235,"creatine_PMC11944689","defensible"
"outlier",0,"creatine_PMC11944689","defensible"
"inference",0,"creatine_PMC11944689","defensible"
"population",0,"creatine_PMC11944689","defensible"
"transform",9.16880443584217,"creatine_PMC11944689","defensible"
"outlier_scope",0,"creatine_PMC11944689","defensible"
"baseline",7.0325038307024,"free_PMC6733445","defensible"
"covars",0,"free_PMC6733445","defensible"
"outlier",80.234414817406,"free_PMC6733445","defensible"
"model",2.74441091618793,"free_PMC6733445","defensible"
"inference",0,"free_PMC6733445","defensible"
"population",9.66905780078181,"free_PMC6733445","defensible"
"outlier_scope",0.31961263492187,"free_PMC6733445","defensible"
"df_method",0,"free_PMC6733445","defensible"
"outlier",27.2112919096062,"odinet_PMC8830646","defensible"
"inference",0,"odinet_PMC8830646","defensible"
"population",0,"odinet_PMC8830646","defensible"
"transform",48.1768107419551,"odinet_PMC8830646","defensible"
"outlier_scope",24.6118973484387,"odinet_PMC8830646","defensible"
"baseline",96.8187488021427,"pregnancy12w_PMC4573757","defensible"
"covars",0.0425714283888944,"pregnancy12w_PMC4573757","defensible"
"outlier",0.383625721816266,"pregnancy12w_PMC4573757","defensible"
"inference",0,"pregnancy12w_PMC4573757","defensible"
"population",0.00448486826275266,"pregnancy12w_PMC4573757","defensible"
"transform",2.5780762116257,"pregnancy12w_PMC4573757","defensible"
"outlier_scope",0.172492967763725,"pregnancy12w_PMC4573757","defensible"
"baseline",94.0958016381586,"mallorca_PMC8198819","defensible"
"covars",0,"mallorca_PMC8198819","defensible"
"outlier",4.6434315221951,"mallorca_PMC8198819","defensible"
"inference",0,"mallorca_PMC8198819","defensible"
"population",1.24267708356617,"mallorca_PMC8198819","defensible"
"outlier_scope",0.0180897560801361,"mallorca_PMC8198819","defensible"
