study_id,year,journal,doi,pmcid,title,folder,A_n_randomised,A_n_analysed_primary,A_n_arms,A_primary_outcome,A_outcome_scale_min,A_outcome_scale_max,A_n_timepoints,A_primary_timepoint,A_cluster_present,A_blinded_assessor,B_baseline_handling,B_covariates,B_analysis_population,B_mitt_definition,B_missing_strategy,B_mi_n_imputations,B_mi_armwise,B_mi_outcome_included,B_outlier_rule,B_outlier_pooled,B_outlier_action,B_transformation,B_floor_ceiling_handled,B_repeat_within_tp,B_model_family,B_time_handling,B_clustering_modelled,B_covariance_structure,B_strat_factors_adjusted,B_se_method,B_df_method,B_multiplicity,B_responder_analysis,B_mcid_source,C_baseline_test_reported,C_adjust_after_baseline_test,C_estimand_stated,C_protocol_available,D_code_deposited,D_code_runs_as_is,D_code_reproduces_paper,D_reproduced_class,D_max_discrepancy_pct,D_integrity_screen,E_core_grid_applicable,E_nodes_not_applicable,Z_coder,Z_date,Z_notes
2026_changes-in-repetitive-negative-thinking_PMC12885332,2026,Psychological medicine,10.1017/s0033291725103085,PMC12885332,Changes in repetitive negative thinking and stress perception mediate treatment effects of a transdiagnostic exercise in,studies/2026_changes-in-repetitive-negative-thinking-and-stre_PMC12885332,,,,,,,,,,,,,,,,,,,,,,,,,,,,,,,,,,,,,,,yes,,,,,,,,,,
2021_the-impact-of-a-physician-s-recommendati_PMC8077152,2021,Health expectations : an international,10.1111/hex.13161,PMC8077152,The impact of a physician's recommendation and gender on informed decision making: A randomized controlled study in a si,studies/2021_the-impact-of-a-physician-s-recommendation-and-g_PMC8077152,,,,,,,,,,,,,,,,,,,,,,,,,,,,,,,,,,,,,,,yes,,,,,,,,,,
2026_acute-responses-and-chronic-adaptations_PMC13140343,2026,European journal of sport science,10.1002/ejsc.70160,PMC13140343,Acute Responses and Chronic Adaptations to Cluster Versus Traditional Set Resistance Training in Males and Females,studies/2026_acute-responses-and-chronic-adaptations-to-clust_PMC13140343,,,,,,,,,,,,,,,,,,,,,,,,,,,,,,,,,,,,,,,yes,,,,,,,,,,
2025_the-effect-of-proximity-to-failure-on-pe_PMC11832030,2025,European journal of sport science,10.1002/ejsc.12266,PMC11832030,The Effect of Proximity-To-Failure on Perceptual Responses to Resistance Training,studies/2025_the-effect-of-proximity-to-failure-on-perceptual_PMC11832030,,,,,,,,,,,,,,,,,,,,,,,,,,,,,,,,,,,,,,,yes,,,,,,,,,,
2023_the-effects-of-creatine-supplementation_PMC10647179,2023,BMC medicine,10.1186/s12916-023-03146-5,PMC10647179,The effects of creatine supplementation on cognitive performance-a randomised controlled study,studies/2023_the-effects-of-creatine-supplementation-on-cogni_PMC10647179,,,,,,,,,,,,,,,,,,,,,,,,,,,,,,,,,,,,,,,yes,,,,,,,,,,
2026_effect-of-a-physio-feedback-exercise-int_PMC12821712,2026,"Geriatrics (Basel, Switzerland)",10.3390/geriatrics11010006,PMC12821712,Effect of a Physio-Feedback Exercise Intervention Program on the Static Balance of Community-Dwelling Older Adults: A Cl,studies/2026_effect-of-a-physio-feedback-exercise-interventio_PMC12821712,,,,,,,,,,,,,,,,,,,,,,,,,,,,,,,,,,,,,,,yes,,,,,,,,,,
2025_isoenergetic-pre-exercise-meals-varying_PMC11874534,2025,European journal of sport science,10.1002/ejsc.12274,PMC11874534,Isoenergetic Pre-Exercise Meals Varying in Carbohydrate Similarly Affect Resistance Training Volume Performance Compared,studies/2025_isoenergetic-pre-exercise-meals-varying-in-carbo_PMC11874534,,,,,,,,,,,,,,,,,,,,,,,,,,,,,,,,,,,,,,,yes,,,,,,,,,,
2024_pilot-randomized-controlled-trial-of-i-l_PMC11171874,2024,"Healthcare (Basel, Switzerland)",10.3390/healthcare12111101,PMC11171874,Pilot Randomized Controlled Trial of <i>Lymfit</i>: A Theory-Guided Exercise Intervention for Young Adults with Lymphoma,studies/2024_pilot-randomized-controlled-trial-of-i-lymfit-i_PMC11171874,,,,,,,,,,,,,,,,,,,,,,,,,,,,,,,,,,,,,,,yes,,,,,,,,,,
2025_lengthened-partial-repetitions-elicit-si_PMC11829627,2025,PeerJ,10.7717/peerj.18904,PMC11829627,Lengthened partial repetitions elicit similar muscular adaptations as full range of motion repetitions during resistance,studies/2025_lengthened-partial-repetitions-elicit-similar-mu_PMC11829627,,,,,,,,,,,,,,,,,,,,,,,,,,,,,,,,,,,,,,,no,,,,,,,,,,
2026_anatomy-of-a-failure-a-retrospective-eva_PMC13141020,2026,BMJ open,10.1136/bmjopen-2025-101558,PMC13141020,Anatomy of a failure: a retrospective evaluation of a cognitive bias modification intervention to promote physical activ,studies/2026_anatomy-of-a-failure-a-retrospective-evaluation_PMC13141020,,,,,,,,,,,,,,,,,,,,,,,,,,,,,,,,,,,,,,,no,,,,,,,,,,
2025_a-sensor-augmented-telerehabilitation-sy_PMC12693843,2025,"Sensors (Basel, Switzerland)",10.3390/s25237113,PMC12693843,"A Sensor-Augmented Telerehabilitation System for Knee Osteoarthritis: A Randomized Controlled Trial of Neuromuscular, Fu",studies/2025_a-sensor-augmented-telerehabilitation-system-for_PMC12693843,,,,,,,,,,,,,,,,,,,,,,,,,,,,,,,,,,,,,,,no,,,,,,,,,,
2022_understanding-how-individualised-physiot_PMC8830646,2022,PloS one,10.1371/journal.pone.0263574,PMC8830646,Understanding how individualised physiotherapy or advice altered different elements of disability for people with low ba,studies/2022_understanding-how-individualised-physiotherapy-o_PMC8830646,,,,,,,,,,,,,,,,,,,,,,,,,,,,,,,,,,,,,,,no,,,,,,,,,,
2024_effects-of-anodal-tdcs-on-resting-state_PMC10765911,2024,Journal of neuroengineering and rehabi,10.1186/s12984-023-01300-x,PMC10765911,Effects of anodal tDCS on resting state eeg power and motor function in acute stroke: a randomized controlled trial,studies/2024_effects-of-anodal-tdcs-on-resting-state-eeg-powe_PMC10765911,,,,,,,,,,,,,,,,,,,,,,,,,,,,,,,,,,,,,,,no,,,,,,,,,,
2021_effectiveness-of-moderate-intensity-aero_PMC8198819,2021,Journal of clinical medicine,10.3390/jcm10112432,PMC8198819,Effectiveness of Moderate-Intensity Aerobic Water Exercise during Pregnancy on Quality of Life and Postpartum Depression,studies/2021_effectiveness-of-moderate-intensity-aerobic-wate_PMC8198819,,,,,,,,,,,,,,,,,,,,,,,,,,,,,,,,,,,,,,,no,,,,,,,,,,
2025_comparing-structured-note-taking-and-mul_PMC12667121,2025,BMC medical education,10.1186/s12909-025-08272-7,PMC12667121,Comparing structured note-taking and multiple-choice question writing as learning strategies among physiotherapy student,studies/2025_comparing-structured-note-taking-and-multiple-ch_PMC12667121,,,,,,,,,,,,,,,,,,,,,,,,,,,,,,,,,,,,,,,no,,,,,,,,,,
2019_the-fear-reduction-exercised-early-free_PMC6733445,2019,PLoS medicine,10.1371/journal.pmed.1002897,PMC6733445,The Fear Reduction Exercised Early (FREE) approach to management of low back pain in general practice: A pragmatic clust,studies/2019_the-fear-reduction-exercised-early-free-approach_PMC6733445,,,,,,,,,,,,,,,,,,,,,,,,,,,,,,,,,,,,,,,no,,,,,,,,,,
2025_subphenotypic-classification-of-covid-19_PMC11971945,2025,Journal of rehabilitation medicine,10.2340/jrm.v57.42726,PMC11971945,Subphenotypic classification of COVID-19 survivors and response to telerehabilitation: a latent class analysis,studies/2025_subphenotypic-classification-of-covid-19-survivo_PMC11971945,,,,,,,,,,,,,,,,,,,,,,,,,,,,,,,,,,,,,,,no,,,,,,,,,,
2022_a-telerehabilitation-programme-in-post-d_PMC8318721,2022,Thorax,10.1136/thoraxjnl-2021-217382,PMC8318721,A telerehabilitation programme in post-discharge COVID-19 patients (TERECO): a randomised controlled trial,studies/2022_a-telerehabilitation-programme-in-post-discharge_PMC8318721,,,,,,,,,,,,,,,,,,,,,,,,,,,,,,,,,,,,,,,no,,,,,,,,,,
2016_early-sitting-in-ischemic-stroke-patient_PMC4811411,2016,PloS one,10.1371/journal.pone.0149466,PMC4811411,Early Sitting in Ischemic Stroke Patients (SEVEL): A Randomized Controlled Trial,studies/2016_early-sitting-in-ischemic-stroke-patients-sevel_PMC4811411,,,,,,,,,,,,,,,,,,,,,,,,,,,,,,,,,,,,,,,no,,,,,,,,,,
2021_impact-of-assessment-and-intervention-by_PMC8318294,2021,PLoS medicine,10.1371/journal.pmed.1003711,PMC8318294,Impact of assessment and intervention by a health and social care professional team in the emergency department on the q,studies/2021_impact-of-assessment-and-intervention-by-a-healt_PMC8318294,,,,,,,,,,,,,,,,,,,,,,,,,,,,,,,,,,,,,,,no,,,,,,,,,,
2024_eight-weeks-of-high-intensity-interval-t_PMC11467018,2024,European journal of applied physiology,10.1007/s00421-024-05471-w,PMC11467018,Eight weeks of high-intensity interval training versus stretching do not change the psychoneuroendocrine response to a s,studies/2024_eight-weeks-of-high-intensity-interval-training_PMC11467018,,,,,,,,,,,,,,,,,,,,,,,,,,,,,,,,,,,,,,,no,,,,,,,,,,
2019_effects-of-supervised-exercise-training_PMC6886967,2019,BMJ open,10.1136/bmjopen-2018-028252,PMC6886967,Effects of supervised exercise training during pregnancy on psychological well-being among overweight and obese women: s,studies/2019_effects-of-supervised-exercise-training-during-p_PMC6886967,,,,,,,,,,,,,,,,,,,,,,,,,,,,,,,,,,,,,,,no,,,,,,,,,,
2017_predicting-outcome-in-frozen-shoulder-sh_PMC5581414,2017,BMC musculoskeletal disorders,10.1186/s12891-017-1740-9,PMC5581414,Predicting outcome in frozen shoulder (shoulder capsulitis) in presence of comorbidity as measured with subjective healt,studies/2017_predicting-outcome-in-frozen-shoulder-shoulder-c_PMC5581414,,,,,,,,,,,,,,,,,,,,,,,,,,,,,,,,,,,,,,,no,,,,,,,,,,
2023_a-clinical-model-to-predict-the-progress_PMC10464113,2023,Journal of orthopaedic surgery and res,10.1186/s13018-023-04118-4,PMC10464113,A clinical model to predict the progression of knee osteoarthritis: data from Dryad,studies/2023_a-clinical-model-to-predict-the-progression-of-k_PMC10464113,,,,,,,,,,,,,,,,,,,,,,,,,,,,,,,,,,,,,,,no,,,,,,,,,,
2021_effect-of-an-inverted-seated-position-wi_PMC8133415,2021,PloS one,10.1371/journal.pone.0245311,PMC8133415,Effect of an inverted seated position with upper arm blood flow restriction on measures of elbow flexors neuromuscular p,studies/2021_effect-of-an-inverted-seated-position-with-upper_PMC8133415,,,,,,,,,,,,,,,,,,,,,,,,,,,,,,,,,,,,,,,no,,,,,,,,,,
2026_effects-of-low-load-blood-flow-restricti_PMC12780320,2026,Scandinavian journal of medicine & sci,10.1111/sms.70203,PMC12780320,Effects of Low-Load Blood-Flow Restriction Training Versus High-Load Resistance Training on Neuromuscular Performance an,studies/2026_effects-of-low-load-blood-flow-restriction-train_PMC12780320,,,,,,,,,,,,,,,,,,,,,,,,,,,,,,,,,,,,,,,no,,,,,,,,,,
2025_the-effect-of-creatine-supplementation-o_PMC11944689,2025,Nutrients,10.3390/nu17061081,PMC11944689,The Effect of Creatine Supplementation on Lean Body Mass with and Without Resistance Training,studies/2025_the-effect-of-creatine-supplementation-on-lean-b_PMC11944689,,,,,,,,,,,,,,,,,,,,,,,,,,,,,,,,,,,,,,,no,,,,,,,,,,
2015_a-12-week-exercise-program-for-pregnant_PMC4573757,2015,PloS one,10.1371/journal.pone.0137742,PMC4573757,A 12-Week Exercise Program for Pregnant Women with Obesity to Improve Physical Activity Levels: An Open Randomised Preli,studies/2015_a-12-week-exercise-program-for-pregnant-women-wi_PMC4573757,,,,,,,,,,,,,,,,,,,,,,,,,,,,,,,,,,,,,,,no,,,,,,,,,,
2022_influence-of-the-statistical-significanc_PMC8996040,2022,BMJ open,10.1136/bmjopen-2021-056503,PMC8996040,Influence of the statistical significance of results and spin on readers' interpretation of the results in an abstract f,studies/2022_influence-of-the-statistical-significance-of-res_PMC8996040,,,,,,,,,,,,,,,,,,,,,,,,,,,,,,,,,,,,,,,no,,,,,,,,,,
2026_comparison-of-the-short-term-effects-of_PMC13092435,2026,Hong Kong physiotherapy journal : offi,10.1142/s1013702526500058,PMC13092435,Comparison of the short-term effects of Mulligan and Maitland mobilisation techniques combined with home-based exercise ,studies/2026_comparison-of-the-short-term-effects-of-mulligan_PMC13092435,,,,,,,,,,,,,,,,,,,,,,,,,,,,,,,,,,,,,,,no,,,,,,,,,,
2021_home-based-exercise-for-people-living-wi_PMC8248609,2021,PloS one,10.1371/journal.pone.0251652,PMC8248609,Home-based exercise for people living with frailty and chronic kidney disease: A mixed-methods pilot randomised controll,studies/2021_home-based-exercise-for-people-living-with-frail_PMC8248609,,,,,,,,,,,,,,,,,,,,,,,,,,,,,,,,,,,,,,,no,,,,,,,,,,
2020_an-age-adapted-plyometric-exercise-progr_PMC7447006,2020,PloS one,10.1371/journal.pone.0237921,PMC7447006,"An age-adapted plyometric exercise program improves dynamic strength, jump performance and functional capacity in older ",studies/2020_an-age-adapted-plyometric-exercise-program-impro_PMC7447006,,,,,,,,,,,,,,,,,,,,,,,,,,,,,,,,,,,,,,,no,,,,,,,,,,
2026_preliminary-efficacy-of-cognitive-multis_PMC13144352,2026,Scientific reports,10.1038/s41598-026-44859-w,PMC13144352,Preliminary efficacy of cognitive multisensory rehabilitation for neuropathic pain in chronic spinal cord injury: a phas,studies/2026_preliminary-efficacy-of-cognitive-multisensory-r_PMC13144352,,,,,,,,,,,,,,,,,,,,,,,,,,,,,,,,,,,,,,,no,,,,,,,,,,
2026_effects-of-modest-carbohydrate-energy-su_PMC13305566,2026,Nutrients,10.3390/nu18121961,PMC13305566,Effects of Modest Carbohydrate-Energy Supplementation on Resistance Training Adaptations in Trained Men: A Crossover Tri,studies/2026_effects-of-modest-carbohydrate-energy-supplement_PMC13305566,,,,,,,,,,,,,,,,,,,,,,,,,,,,,,,,,,,,,,,no,,,,,,,,,,
2022_a-comparison-of-psychological-characteri_PMC9070885,2022,PloS one,10.1371/journal.pone.0267877,PMC9070885,A comparison of psychological characteristics in people with knee osteoarthritis from Japan and Australia: A cross-secti,studies/2022_a-comparison-of-psychological-characteristics-in_PMC9070885,,,,,,,,,,,,,,,,,,,,,,,,,,,,,,,,,,,,,,,no,,,,,,,,,,
2016_adhesive-capsulitis-of-the-shoulder-trea_PMC4880881,2016,BMC musculoskeletal disorders,10.1186/s12891-016-1081-0,PMC4880881,"Adhesive capsulitis of the shoulder, treatment with corticosteroid, corticosteroid with distension or treatment-as-usual",studies/2016_adhesive-capsulitis-of-the-shoulder-treatment-wi_PMC4880881,,,,,,,,,,,,,,,,,,,,,,,,,,,,,,,,,,,,,,,no,,,,,,,,,,
2024_gaining-more-from-doing-less-the-effects_PMC10809978,2024,PeerJ,10.7717/peerj.16777,PMC10809978,Gaining more from doing less? The effects of a one-week deload period during supervised resistance training on muscular ,studies/2024_gaining-more-from-doing-less-the-effects-of-a-on_PMC10809978,,,,,,,,,,,,,,,,,,,,,,,,,,,,,,,,,,,,,,,no,,,,,,,,,,
2025_effects-of-an-aquatic-protocol-on-electr_PMC12111718,2025,PloS one,10.1371/journal.pone.0322395,PMC12111718,Effects of an aquatic protocol on electromyography activation and strength of lower limb muscles in blind women: A rando,studies/2025_effects-of-an-aquatic-protocol-on-electromyograp_PMC12111718,,,,,,,,,,,,,,,,,,,,,,,,,,,,,,,,,,,,,,,no,,,,,,,,,,
2025_comparative-effects-of-combined-aerobic_PMC12694805,2025,PloS one,10.1371/journal.pone.0336898,PMC12694805,Comparative effects of combined aerobic and resistance training versus high-intensity interval training on insulin resis,studies/2025_comparative-effects-of-combined-aerobic-and-resi_PMC12694805,,,,,,,,,,,,,,,,,,,,,,,,,,,,,,,,,,,,,,,no,,,,,,,,,,
2022_dependence-of-learning-outcomes-in-flipp_PMC9762591,2022,PloS one,10.1371/journal.pone.0279296,PMC9762591,Dependence of learning outcomes in flipped and lecture classrooms on review questions: A randomized controlled trial and,studies/2022_dependence-of-learning-outcomes-in-flipped-and-l_PMC9762591,,,,,,,,,,,,,,,,,,,,,,,,,,,,,,,,,,,,,,,no,,,,,,,,,,
2016_the-effects-of-phosphatidic-acid-supplem_PMC4891923,2016,Journal of the International Society o,10.1186/s12970-016-0135-x,PMC4891923,"The effects of phosphatidic acid supplementation on strength, body composition, muscular endurance, power, agility, and ",studies/2016_the-effects-of-phosphatidic-acid-supplementation_PMC4891923,,,,,,,,,,,,,,,,,,,,,,,,,,,,,,,,,,,,,,,no,,,,,,,,,,
2024_effectiveness-of-novel-facial-stretching_PMC11164989,2024,Scientific reports,10.1038/s41598-024-64046-z,PMC11164989,Effectiveness of novel facial stretching with structured exercise versus conventional exercise for Bell's palsy: a singl,studies/2024_effectiveness-of-novel-facial-stretching-with-st_PMC11164989,,,,,,,,,,,,,,,,,,,,,,,,,,,,,,,,,,,,,,,no,,,,,,,,,,
2026_integrating-multi-session-transcranial-d_PMC13257960,2026,PloS one,10.1371/journal.pone.0345947,PMC13257960,Integrating multi-session transcranial direct current stimulation with routine physical therapy to improve quadriceps st,studies/2026_integrating-multi-session-transcranial-direct-cu_PMC13257960,,,,,,,,,,,,,,,,,,,,,,,,,,,,,,,,,,,,,,,no,,,,,,,,,,
2026_transcutaneous-spinal-cord-stimulation-c_PMC13085461,2026,BMC medicine,10.1186/s12916-026-04697-z,PMC13085461,Transcutaneous spinal cord stimulation combined with robot-assisted gait training to improve mobility and balance in spi,studies/2026_transcutaneous-spinal-cord-stimulation-combined_PMC13085461,,,,,,,,,,,,,,,,,,,,,,,,,,,,,,,,,,,,,,,no,,,,,,,,,,
2026_short-term-effects-of-manual-therapy-com_PMC12942207,2026,"Medicina (Kaunas, Lithuania)",10.3390/medicina62020249,PMC12942207,Short-Term Effects of Manual Therapy Combined with Functional Magnetic Stimulation in Individuals with Lumbar Disk Herni,studies/2026_short-term-effects-of-manual-therapy-combined-wi_PMC12942207,,,,,,,,,,,,,,,,,,,,,,,,,,,,,,,,,,,,,,,no,,,,,,,,,,
2025_time-restricted-eating-without-exercise_PMC12473138,2025,Nutrients,10.3390/nu17183011,PMC12473138,Time-Restricted Eating Without Exercise Enhances Anaerobic Power and Reduces Body Weight: A Randomized Crossover Trial i,studies/2025_time-restricted-eating-without-exercise-enhances_PMC12473138,,,,,,,,,,,,,,,,,,,,,,,,,,,,,,,,,,,,,,,no,,,,,,,,,,
2022_the-effect-of-mindfulness-on-the-inflamm_PMC9645607,2022,PloS one,10.1371/journal.pone.0276734,PMC9645607,"The effect of mindfulness on the inflammatory, psychological and biomechanical domains of adult patients with low back p",studies/2022_the-effect-of-mindfulness-on-the-inflammatory-ps_PMC9645607,,,,,,,,,,,,,,,,,,,,,,,,,,,,,,,,,,,,,,,no,,,,,,,,,,
2025_early-time-restricted-eating-improves-we_PMC11945196,2025,Nutrients,10.3390/nu17061022,PMC11945196,Early Time-Restricted Eating Improves Weight Loss While Preserving Muscle: An 8-Week Trial in Young Women,studies/2025_early-time-restricted-eating-improves-weight-los_PMC11945196,,,,,,,,,,,,,,,,,,,,,,,,,,,,,,,,,,,,,,,no,,,,,,,,,,
