study_id,data_file,sheet,id_var,arm_var,arm_include,arm_control,outcome_var,baseline_var,time_var,primary_time,covars_published,strat_vars,cluster_vars,published_est,published_p,notes
physiofeedback_PMC12821712,studies/2026_effect-of-a-physio-feedback-exercise-interventio_PMC12821712/deposit/deidentified data.xlsx,,SubjectID,Group,,Control,AP_RMS,,Time,4,"Age,BMI,Gender,Race",,Site,0.02,0.678,Langformat 4 Zeitpunkte; Zentrumsclusterung
mulligan_PMC13092435,studies/2026_comparison-of-the-short-term-effects-of-mulligan_PMC13092435/deposit/Kiouloukiotis data.sav,,ParticipantNumber,TreatmentGroup,"1,2",1,NPRS2,NPRS1,,,"Age,Gender",,,,,3 Arme; Kontrast 1 gegen 2; SPSS-Datei mit Fuellzeilen
lytras_fms_PMC12942207,studies/2026_short-term-effects-of-manual-therapy-combined-wi_PMC12942207/deposit/Lytras FMS 1 data.sav,,,GROUP,,1,NRPSLBPpost,NRPSLBPpre,,,"Age,Gender,BMI",,,,,kein primaeres Outcome deklariert; NPRS lumbal als erstgenanntes
lymfit_PMC11171874,studies/2024_pilot-randomized-controlled-trial-of-i-lymfit-i_PMC11171874/deposit/all_raw_data_pilotRCT_lymfit.xlsx,,ID,GROUP,,control,POST_Godin,PRE_Godin,,,"Age,BMI",,,,,Pilot-RCT n=26
clusterset_PMC13140343,studies/2026_acute-responses-and-chronic-adaptations-to-clust_PMC13140343/deposit/data.xlsx,,ID,Group,,TS,CMJ_mean,,Time,post,"Age,Sex",,,,,Langformat pre/post; Krafttraining
tereco_PMC8318721,studies/2022_a-telerehabilitation-programme-in-post-discharge_PMC8318721/deposit/TERECO_Public_Data_wide.csv,,,group_randomized,,1,X_6MWD2,X_6MWD1,,,,,,,,primaeres Outcome 6MWD laut Abstract; 7 fehlend post
spadi_PMC4880881,studies/2016_adhesive-capsulitis-of-the-shoulder-treatment-wi_PMC4880881/deposit/Frozen shoulder RCTgr dataset 100516_art2_1.sav,,,Group,"1,2",1,SPADItot4wks,SPADItotPre,,,,,,,,3 Arme; Kontrast 1 gegen 2; primaerer Zeitpunkt 4 Wochen ANGENOMMEN
tscs_PMC13085461,studies/2026_transcutaneous-spinal-cord-stimulation-combined_PMC13085461/deposit/iEMG _1_ 2.0.sav,,ID,Group,,1,BBS_Post,BBS_Pre,,,"Age,BMI",,,,,BBS als erstes von zwei koprimaeren Outcomes
tdcs_PMC13257960,studies/2026_integrating-multi-session-transcranial-direct-cu_PMC13257960/deposit/tDCS.sav,,,group,,1,CAR_post_all,CAR_pre_all,,,"age,BMI",,,,,CAR laut Paper primaeres Outcome
etip_PMC6886967,studies/2019_effects-of-supervised-exercise-training-during-p_PMC6886967/deposit/ETIP_Mental_Health_in_obese_pregancies.sav,,ID,Group,,1,EPDS_total,,,,Pre_preg_BMI,,,,,EPDS_total ohne pre/post-Paar; Baseline fehlt
phosphatidic_PMC4891923,studies/2016_the-effects-of-phosphatidic-acid-supplementation_PMC4891923/deposit/Maxxtor male stats 8-12-15.xlsx,,ID,Group,,1,LBM2,LBM1,,,"Age,Sex",,,,,LBM = lean body mass; klares pre/post-Paar
facial_PMC11164989,studies/2024_effectiveness-of-novel-facial-stretching-with-st_PMC11164989/deposit/Data sheet.xlsx,,Serial number,Group,,1,VM2,VM1,,,Age,,,,,VM = voluntary movement laut SFGS; SFGS-Composite nicht im Datensatz
gainingmore_PMC10809978,studies/2024_gaining-more-from-doing-less-the-effects-of-a-on_PMC10809978/deposit/Dataset Deload.xlsx,,CODE,GROUP,,1,RF50Post,RF50Pre,,,SEX,,,,,Muskeldicke koprimaer an mehreren Stellen; RF50 gewaehlt
etre_PMC11945196,studies/2025_early-time-restricted-eating-improves-weight-los_PMC11945196/deposit/Body data.csv,,Participant.ID,Group,"Control,eTRE",Control,Weight,,Time,post,,,,,,3 Arme; Kontrast Control gegen eTRE; Koerpergewicht als erstes von drei koprimaeren
aquatic_PMC12111718,studies/2025_effects-of-an-aquatic-protocol-on-electromyograp_PMC12111718/deposit/spss1.xlsx,,code,Group,,1,Post.Strenth.R.Ext,Pre.Strenth.R.Ext,,,"Age,BMI",,,,,kein primaeres Outcome deklariert; Knieextensorenkraft als erstgenanntes gewaehlt
lengthpartial_PMC11829627,studies/2025_lengthened-partial-repetitions-elicit-similar-mu_PMC11829627/deposit/Data Sheet.xlsx,,,GROUP,"1,2",1,BB55-Post,BB55-Pre,,,,,,,,Legendenzeilen in der Gruppenspalte; arm_include filtert; kein primaeres Outcome deklariert
creatine_PMC11944689,studies/2025_the-effect-of-creatine-supplementation-on-lean-b_PMC11944689/deposit/Desai-Data-LBM-segmental.xlsx,,record_id,group,,Control,legs_post1,legs_pre,,,sex,,,,,"Ganzkoerper-Magermasse nicht im Deposit, nur Segmente; Beine als groesstes Segment"
free_PMC6733445,studies/2019_the-fear-reduction-exercised-early-free-approach_PMC6733445/deposit/FREE_Patient_Outcome_Data_v1_0.csv,,study_id,Tment,,Control,rmdq_tot,rmdq_tot_base,week,26,,,practice_code,,,Cluster-RCT in Hausarztpraxen; RMDQ; primaerer Zeitpunkt 26 Wochen ANGENOMMEN
odinet_PMC8830646,studies/2022_understanding-how-individualised-physiotherapy-o_PMC8830646/deposit/unpacked/bernard-liew-2020_ODI_network-df06b64/output/dat_odi.RDS,,subj,grp,,adv,Q1,,time,26,,,,,,"ODI-Items einzeln, kein Gesamtscore im Deposit; Q1 als Platzhalter, Summenbildung waere eigene Analyseentscheidung"
pregnancy12w_PMC4573757,studies/2015_a-12-week-exercise-program-for-pregnant-women-wi_PMC4573757/deposit/Dryad_data.xlsx,,ID,Category,,1,Steps_per_day_v2,Steps_per_day_v1,,,"maternal _age,BMI_v1",,,,,"Ziel laut Abstract: koerperliche Aktivitaet steigern; Schritte pro Tag gewaehlt, v1=Baseline v2=post | Primaeres Outcome laut Paper von kardiorespiratorischer Fitness auf koerperliche Aktivitaet GEAENDERT (Outcome-Switching, gehoert ins Reporting-Audit)."
mallorca_PMC8198819,studies/2021_effectiveness-of-moderate-intensity-aerobic-wate_PMC8198819/deposit/WaterexerciseprogramGAPMallorca.xlsx,,Id,GRUPO,,C,edimburgtotal,,,,,,,,,"KORRIGIERT: primaeres Outcome ist postpartale Depression (EPDS), nicht Gewicht. Titel: Quality of Life and Postpartum Depression. Spalte edimburgtotal, katalanische Benennung. Keine EPDS-Baseline im Datensatz."
